,Unnamed: 0,normalized_title,offer_price_amazon,mrp_amazon,offer_price_prokick,mrp_prokick,offer_price_instasports,mrp,clean_title,color,pack_size,limited_edition,speed
317,317,"yonex aerosensa 10 feather shuttlecock, 3 cans",,,7015.0,8250.0,,,"yonex aerosensa 10 feather shuttlecock, 3 cans",,,No,
318,318,"yonex 11488 wrist band, navy/red (pack of 2)",,,390.0,398.0,,,"yonex 11488 wrist band, /","navy, red",pack of 2,No,
319,319,yonex ac 152ex badminton net,,,1745.0,2490.0,,,yonex ac 152ex badminton net,,,No,
320,320,yonex ezone 98 tennis racquet,,,15745.0,26240.0,,,yonex ezone 98 tennis racquet,,,No,
321,321,yonex voltric lite 20i badminton racquet,,,1839.0,2790.0,,,yonex voltric lite 20i badminton racquet,,,No,
322,322,"yonex ezone jr19 strung tennis racquet(g04) , bright blue",,,1609.0,2300.0,,,"yonex ezone jr19 strung tennis racquet , bright",blue,,No,
323,323,"yonex srg 711 elastic ankle support, beige",,,385.0,449.0,,,"yonex srg 711 elastic ankle support,",beige,,No,
324,324,yonex nanoray 6000i g4-u badminton racquet (blue),,,1499.0,1999.0,,,yonex nanoray 6000i g4-u badminton racquet,blue,,No,
325,325,"yonex sj-q017 1955 badminton shorts, deep drive",,,895.0,1049.0,,,"yonex sj-q017 1955 badminton shorts, deep drive",,,No,
326,326,"yonex mavis 200i nylon shuttle cock, yellow - 1 can",,,0.0,475.0,,,"yonex mavis 200i nylon shuttle cock, - 1 can",yellow,,No,
327,327,"yonex 1597 round neck t-shirt and short set for junior, blue atoll",,,1635.0,2180.0,,,"yonex 1597 round neck t-shirt and short set for junior, atoll",blue,,No,
328,328,zr series aluminium strung badminton racquet with full cover (yellow),,,599.0,750.0,,,zr series aluminium strung badminton racquet with full cover,yellow,,No,
329,329,"yonex mavis shuttlecock pack of 12 combo (1 can mavis200i, pack of 6 + 1 can mavis2000, pack of 6)",,,995.0,1740.0,,,yonex mavis shuttlecock combo,,pack of 12,No,
330,330,"yonex mavis shuttlecock pack of 12 combo (1 can mavis200i, pack of 6 + 1 can mavis350, pack of 6)",,,995.0,1740.0,,,yonex mavis shuttlecock combo,,pack of 12,No,
331,331,"yonex aerosensa 10 feather shuttlecock, 2 cans",,,4675.0,5500.0,,,"yonex aerosensa 10 feather shuttlecock, 2 cans",,,No,
332,332,"yonex sj-q017 1955 badminton shorts, steel gray",,,895.0,1049.0,,,"yonex sj-q017 1955 badminton shorts, steel gray",,,No,
333,333,yonex astrox 7 dg badminton racquet - black/blue,,,4935.0,7050.0,,,yonex astrox 7 dg badminton racquet - /,"black, blue",,No,
334,334,"yonex badminton racquet astrox lite 21i-5u5, black",,,2095.0,2990.0,,,"yonex badminton racquet astrox lite 21i-5u5,",black,,No,
335,335,yonex aerosensa 2 badminton feather shuttlecock (5 cans),,,9303.0,12450.0,,,yonex aerosensa 2 badminton feather shuttlecock,,,No,
336,336,"yonex 11488 wrist band, royal blue/white (pack of 2)",,,390.0,398.0,,,"yonex 11488 wrist band, royal /","blue, white",pack of 2,No,
337,337,yonex astrox 100 game strung badminton racket,,,5789.0,8390.0,,,yonex astrox 100 game strung badminton racket,,,No,
338,338,yonex ac133ex strong grap synthetic over grip,,,349.0,385.0,,,yonex ac133ex strong grap synthetic over grip,,,No,
339,339,yonex mavis 350 green cap nylon shuttlecock - 1 can,,,1099.0,1265.0,,,yonex mavis 350 cap nylon shuttlecock - 1 can,green,,No,
340,340,yonex exbolt63 badminton string (yellow),,,979.0,1030.0,,,yonex exbolt63 badminton string,yellow,,No,
341,341,"yonex astrox 01 ability strung badminton racquet, g4 - red",,,1975.0,3590.0,,,"yonex astrox 01 ability strung badminton racquet, g4 -",red,,No,
342,342,yonex 2317 easy22 junior round neck t-shirt,,,929.0,1090.0,,,yonex 2317 easy22 junior round neck t-shirt,,,No,
343,343,yonex bg 65 titanium badminton string - titanium,,,589.0,590.0,,,yonex bg 65 titanium badminton string - titanium,,,No,
344,344,yonex ac137-3ex super grap tough synthetic badminton over grip,,,855.0,950.0,,,yonex ac137-3ex super grap tough synthetic badminton over grip,,,No,
345,345,"yonex astrox 01 clear strung badminton racquet, blue",,,2205.0,3150.0,,,"yonex astrox 01 clear strung badminton racquet,",blue,,No,
346,346,"yonex 1536 round neck t-shirt for men, scarlet ibis",,,725.0,850.0,,,"yonex 1536 round neck t-shirt for men, scarlet ibis",,,No,
347,347,"yonex gr 303i strung badminton racket, white",,,599.0,750.0,,,"yonex gr 303i strung badminton racket,",white,,No,
348,348,"yonex zr 111 light aluminium badminton racquet with full cover, lime",,,599.0,750.0,,,"yonex zr 111 light aluminium badminton racquet with full cover,",lime,,No,
349,349,"yonex 2231 badminton tournament bag ,black/rich gold",,,3985.0,6190.0,,,"yonex 2231 badminton tournament bag ,/rich","black, gold",,No,
350,350,"yonex 26025 skirt for women, gold yellow",,,1185.0,1390.0,,,"yonex 26025 skirt for women,","gold, yellow",,No,
351,351,"yonex 1133 skirt for women, flamingo pink",,,1269.0,1490.0,,,"yonex 1133 skirt for women, flamingo",pink,,No,
352,352,"yonex arcsaber 71 light strung badminton racquet, g4 - gold",,,2375.0,3390.0,,,"yonex arcsaber 71 light strung badminton racquet, g4 -",gold,,No,
353,353,yonex astrox 99 pro badminton racket,,,14415.0,20590.0,,,yonex astrox 99 pro badminton racket,,,No,
354,354,yonex sports track pants - royal blue,,,1110.0,1590.0,,,yonex sports track pants - royal,blue,,No,
355,355,yonex bg 65 titanium badminton strings - pack of 10 strings,,,5596.0,5900.0,,,yonex bg 65 titanium badminton strings - strings,,pack of 10,No,
356,356,"yonex astrox 88s pro unstrung badminton racquet, (black,blue)",,,11485.0,18890.0,,,"yonex astrox 88s pro unstrung badminton racquet,","black, blue",,No,
357,357,yonex gr 303 badminton racquet with full cover - yellow,,,639.0,800.0,,,yonex gr 303 badminton racquet with full cover -,yellow,,No,
358,358,yonex power cushion cascade drive badminton shoes,,,10045.0,13390.0,,,yonex power cushion cascade drive badminton shoes,,,No,
359,359,yonex mavis 200i shuttlecock combo (5 cans),,,1990.0,2100.0,,,yonex mavis 200i shuttlecock combo,,,No,
360,360,yonex gr 303 saina nehwal special edition badminton racquet - black,,,599.0,750.0,,,yonex gr 303 saina nehwal special edition badminton racquet -,black,,No,
361,361,yonex ezone sonic tennis racquet,,,7150.0,11000.0,6549.0,11000.0,yonex ezone sonic tennis racquet,,,No,
362,362,yonex vcore ace tennis racquet,,,4949.0,8390.0,4949.0,8390.0,yonex vcore ace tennis racquet,,,No,
363,363,yonex ezone ace tennis racquet,,,4995.0,8390.0,4949.0,8390.0,yonex ezone ace tennis racquet,,,No,
364,364,"yonex badminton polo t shirt for junior, high risk red",,,1405.0,1650.0,,,"yonex badminton polo t shirt for junior, high risk",red,,No,
365,365,"yonex nanoray 70 light graphite strung badminton racquet, g4 - green",,,1945.0,3390.0,,,"yonex nanoray 70 light graphite strung badminton racquet, g4 -",green,,No,
366,366,"yonex sunr 2225 badminton kitbag, black/royal blue",,,955.0,1490.0,,,"yonex sunr 2225 badminton kitbag, /royal","black, blue",,No,
367,367,"yonex astrox 99 tour strung badminton racquet, 4u5",,,8669.0,12390.0,,,"yonex astrox 99 tour strung badminton racquet, 4u5",,,No,
368,368,yonex badminton racquet astrox 22 lt,,,5909.0,9090.0,,,yonex badminton racquet astrox 22 lt,,,No,
369,369,yonex muscle power 33 light badminton racquet,,,3075.0,4390.0,,,yonex muscle power 33 light badminton racquet,,,No,
370,370,yonex akayu super 6 badminton shoes,,,2889.0,4890.0,,,yonex akayu super 6 badminton shoes,,,No,
371,371,"yonex astrox 1 dg strung badminton racquet, 4u5 (blue/black)",,,4375.0,6250.0,,,"yonex astrox 1 dg strung badminton racquet, 4u5","blue, black",,No,
372,372,"yonex astrox 77 pro unstrung badminton racquet, g5 - high orange",,,10385.0,19595.0,,,"yonex astrox 77 pro unstrung badminton racquet, g5 - high",orange,,No,
373,373,yonex sunr as08 badminton racket bag with voltric lite 20i strung badminton racket,,,2305.0,3290.0,,,yonex sunr as08 badminton racket bag with voltric lite 20i strung badminton racket,,,No,
374,374,"yonex zr 100 light aluminum badminton racquet strung, grip size g4 (charcoal)",,,599.0,750.0,,,"yonex zr 100 light aluminum badminton racquet strung, grip size g4",charcoal,,No,
375,375,yonex eclipsion z men power cushion badminton shoes - black/red,,,8489.0,13390.0,,,yonex eclipsion z men power cushion badminton shoes - /,"black, red",,No,
376,376,"yonex shoe bag sunr msb01l-s, red/maroon",,,519.0,520.0,,,"yonex shoe bag sunr msb01l-s, /","red, maroon",,No,
377,377,yonex polo badminton t shirt - pureed pumpkin,,,1185.0,1390.0,,,yonex polo badminton t shirt - pureed pumpkin,,,No,
378,378,"yonex astrox 77 play strung badminton racquet, 4u-g5 (high orange)",,,2999.0,5190.0,,,"yonex astrox 77 play strung badminton racquet, 4u-g5",orange,,No,
379,379,yonex power cushion 65 z men badminton shoe,,,9775.0,13390.0,,,yonex power cushion 65 z men badminton shoe,,,No,
380,380,yonex aerus z men badminton shoes,,,10045.0,13390.0,,,yonex aerus z men badminton shoes,,,No,
381,381,yonex bg 66 ultimax badminton string - pack of 5 strings,,,3390.0,3675.0,,,yonex bg 66 ultimax badminton string - strings,,pack of 5,No,
382,382,"yonex round neck badminton t-shirt, imperial blue",,,929.0,1090.0,,,"yonex round neck badminton t-shirt, imperial",blue,,No,
383,383,"yonex round neck badminton t-shirt, jet black",,,929.0,1090.0,,,"yonex round neck badminton t-shirt, jet",black,,No,
384,384,"yonex round neck badminton t-shirt, tango red",,,1015.0,1190.0,,,"yonex round neck badminton t-shirt, tango",red,,No,
385,385,"yonex round neck badminton t-shirt, poseidon",,,1015.0,1190.0,,,"yonex round neck badminton t-shirt, poseidon",,,No,
386,386,yonex sunr 2225 badminton kitbag,,,819.0,1490.0,,,yonex sunr 2225 badminton kitbag,,,No,
387,387,"yonex junior round neck badminton t-shirt, jet black",,,895.0,1050.0,,,"yonex junior round neck badminton t-shirt, jet",black,,No,
388,388,"yonex junior round neck badminton t-shirt, jet black",,,979.0,1150.0,,,"yonex junior round neck badminton t-shirt, jet",black,,No,
389,389,"yonex junior round neck badminton t-shirt, high risk red",,,895.0,1050.0,,,"yonex junior round neck badminton t-shirt, high risk",red,,No,
390,390,"yonex junior round neck badminton t-shirt, jet black/pigeon",,,979.0,1150.0,,,"yonex junior round neck badminton t-shirt, jet /pigeon",black,,No,
391,391,yonex ac 104 ex wave grap badminton grip tape - yellow (1 pc),,,405.0,449.0,,,yonex ac 104 ex wave grap badminton grip tape -,yellow,,No,
392,392,yonex tritan 550ml water bottle,,,675.0,749.0,,,yonex tritan 550ml water bottle,,,No,
393,393,yonex badminton racquet nanoflare lite 29is red,,,2095.0,2990.0,,,yonex badminton racquet nanoflare lite 29is,red,,No,
394,394,"yonex voltric lite 25i graphite badminton racquet (5u, g4, 30 lbs tension)",,,1795.0,2990.0,,,yonex voltric lite 25i graphite badminton racquet,,,No,
395,395,yonex astrox 22f badminton racket,,,6015.0,8590.0,,,yonex astrox 22f badminton racket,,,No,
396,396,yonex polo badminton t shirt - patriot blue,,,1185.0,1390.0,,,yonex polo badminton t shirt - patriot,blue,,No,
397,397,yonex junior polo badminton t shirt - jet black,,,1149.0,1350.0,,,yonex junior polo badminton t shirt - jet,black,,No,
398,398,yonex ac138-3ex mesh grap synthetic over grip,,,765.0,850.0,,,yonex ac138-3ex mesh grap synthetic over grip,,,No,
399,399,yonex astrox 88d play badminton racquet - camel gold,,,3065.0,5190.0,,,yonex astrox 88d play badminton racquet - camel,gold,,No,
400,400,yonex junior 23 tennis racquet,,,2505.0,3580.0,,,yonex junior 23 tennis racquet,,,No,
401,401,yonex vcore 25 tennis racquet,,,4905.0,8380.0,,,yonex vcore 25 tennis racquet,,,No,
402,402,yonex astrox 1 dg badminton racquet - blue/black,,,3499.0,6250.0,,,yonex astrox 1 dg badminton racquet - /,"blue, black",,No,
403,403,yonex arcsaber 71 light strung badminton racquet 5u5 - white,,,2205.0,3150.0,,,yonex arcsaber 71 light strung badminton racquet 5u5 -,white,,No,
404,404,"yonex 11502 wrist band, navy/red (pack of 2)",,,390.0,398.0,,,"yonex 11502 wrist band, /","navy, red",pack of 2,No,
405,405,"yonex 11501 wrist band, red/white (pack of 2)",,,390.0,398.0,,,"yonex 11501 wrist band, /","red, white",pack of 2,No,
406,406,"yonex 11488 wrist band, white/navy (pack of 2)",,,390.0,398.0,,,"yonex 11488 wrist band, /","white, navy",pack of 2,No,
407,407,"yonex 11488 wrist band, yellow/black (pack of 2)",,,390.0,398.0,,,"yonex 11488 wrist band, /","yellow, black",pack of 2,No,
408,408,"yonex 11488 wrist band, black/gold (pack of 2)",,,390.0,398.0,,,"yonex 11488 wrist band, /","black, gold",pack of 2,No,
409,409,"yonex 08489 wrist band, navy/white (pack of 2)",,,351.0,358.0,,,"yonex 08489 wrist band, /","navy, white",pack of 2,No,
410,410,"yonex sunr-9031p trm tour edition trolly bag, black/red",,,1795.0,3990.0,,,"yonex sunr-9031p trm tour edition trolly bag, /","black, red",,No,
411,411,"yonex shbcd1ex cascade drive power cushion badminton shoe , teal blue",,,10195.0,11990.0,,,"yonex shbcd1ex cascade drive power cushion badminton shoe , teal",blue,,No,
412,412,yonex ac 141ex badminton net,,,2095.0,2990.0,,,yonex ac 141ex badminton net,,,No,
413,413,yonex ezone game tennis racquet,,,8745.0,13450.0,8649.0,13450.0,yonex ezone game tennis racquet,,,No,
414,414,yonex ezone feel tennis racquet,,,8745.0,13450.0,7949.0,12225.0,yonex ezone feel tennis racquet,,,No,
415,415,"yonex smash heat strung tennis racquet, blue",,,3569.0,6490.0,,,"yonex smash heat strung tennis racquet,",blue,,No,
416,416,li-ning super series ss900 strung badminton racquet - olive gold/grey,,,2189.0,4290.0,,,li-ning super series ss900 strung badminton racquet - olive /,"gold, grey",,No,
417,417,li-ning super series ss900 strung badminton racquet - black/blue,,,2189.0,4290.0,,,li-ning super series ss900 strung badminton racquet - /,"black, blue",,No,
418,418,li-ning super series ss900 strung badminton racquet - navy/gold,,,2189.0,4290.0,,,li-ning super series ss900 strung badminton racquet - /,"navy, gold",,No,
419,419,li-ning windstorm 75 carbon-fiber badminton racquet unstrung red/gold,,,8955.0,13990.0,,,li-ning windstorm 75 carbon-fiber badminton racquet unstrung /,"red, gold",,No,
420,420,li-ning turbo 99 carbon fibre racket with free full cover black/red,,,1885.0,4590.0,,,li-ning turbo 99 carbon fibre racket with free full cover /,"black, red",,No,
421,421,li-ning turbo 99 carbon fibre racket with free full cover black/orange,,,1885.0,4590.0,,,li-ning turbo 99 carbon fibre racket with free full cover /,"black, orange",,No,
422,422,li-ning xp 900 junior badminton racquet for age 4 yrs to 10 yrs - red/orange (half cover),,,545.0,1090.0,,,li-ning xp 900 junior badminton racquet for age 4 yrs to 10 yrs - /,"red, orange",,No,
423,423,"li-ning aden088 kinesiology tape, skin",,,295.0,390.0,,,"li-ning aden088 kinesiology tape, skin",,,No,
424,424,li-ning ultra speed badminton shoes,,,3489.0,4590.0,,,li-ning ultra speed badminton shoes,,,No,
425,425,"li-ning axforce 90 unstrung badminton racquet, navy/red",,,15075.0,25990.0,,,"li-ning axforce 90 unstrung badminton racquet, /","navy, red",,No,
426,426,"li-ning sports and training badminton shorts, grey",,,749.0,999.0,,,"li-ning sports and training badminton shorts,",grey,,No,
427,427,"li-ning g200 feather shuttlecock, speed 76 (pack of 12 shuttles)",,,1395.0,1990.0,,,"li-ning g200 feather shuttlecock,",,pack of 12,No,speed 76
428,428,"li-ning aplr291 polo neck badminton tshirt, orange",,,899.0,1199.0,,,"li-ning aplr291 polo neck badminton tshirt,",orange,,No,
429,429,"li-ning atss995 round neck badminton tshirt, red",,,1495.0,1990.0,,,"li-ning atss995 round neck badminton tshirt,",red,,No,
430,430,li-ning bolt super shuttles 3 in 1 combo (bolt neo + max + hybrid) 3 in 1 shuttles pack,,,836.0,1423.0,,,li-ning bolt super shuttles 3 in 1 combo 3 in 1 shuttles pack,,,No,
431,431,li-ning no. 7 boost professional badminton string - white,,,445.0,750.0,,,li-ning no. 7 boost professional badminton string -,white,,No,
432,432,li-ning gp 18 polyurethane replacement grip (pack of 3),,,589.0,690.0,,,li-ning gp 18 polyurethane replacement grip,,pack of 3,No,
433,433,"li-ning atsn455-2 round neck t-shirt for men, maroon/black",,,599.0,799.0,,,"li-ning atsn455-2 round neck t-shirt for men, /","maroon, black",,No,
434,434,li-ning gp 25 supergrip velvet touch badminton racquet over grip (pack of 5) - orange,,,379.0,480.0,,,li-ning gp 25 supergrip velvet touch badminton racquet over grip -,orange,pack of 5,No,
435,435,li-ning sports kitbag - black lime,,,1259.0,1799.0,,,li-ning sports kitbag -,"black, lime",,No,
436,436,"li-ning abds681 racquet kitbag , blue",,,1295.0,1990.0,,,"li-ning abds681 racquet kitbag ,",blue,,No,
437,437,"li-ning turbo 70 light weight strung badminton racquet, black/green",,,1795.0,3590.0,,,"li-ning turbo 70 light weight strung badminton racquet, /","black, green",,No,
438,438,"li-ning badminton polo neck tshirt, white",,,1645.0,2190.0,,,"li-ning badminton polo neck tshirt,",white,,No,
439,439,"li-ning strike speed 76 feather shuttlecock, white natural",,,1089.0,1490.0,,,"li-ning strike feather shuttlecock, natural",white,,No,speed 76
440,440,"li-ning aden088 kinesiology tape, yellow",,,295.0,390.0,,,"li-ning aden088 kinesiology tape,",yellow,,No,
441,441,li-ning lei ting professional badminton competition shoes,,,9595.0,11990.0,,,li-ning lei ting professional badminton competition shoes,,,No,
442,442,"li-ning aqtr tritan water bottle - 850ml , blue",,,599.0,799.0,,,"li-ning aqtr tritan water bottle - 850ml ,",blue,,No,
443,443,li-ning kt tape original kinesiology therapeutic supporter 1roll uncut - beige,,,1019.0,1399.0,,,li-ning kt tape original kinesiology therapeutic supporter 1roll uncut -,beige,,No,
444,444,li-ning turbo charging z boost badminton racquet,,,4189.0,7790.0,,,li-ning turbo charging z boost badminton racquet,,,No,
445,445,"li-ning xiphos x1 unstrung badminton racquet , red/silver",,,11515.0,17990.0,,,"li-ning xiphos x1 unstrung badminton racquet , /","red, silver",,No,
446,446,"li-ning nano non marking badminton court shoes, black/orange",,,3595.0,4790.0,,,"li-ning nano non marking badminton court shoes, /","black, orange",,No,
447,447,"li-ning saga no.10 mesh badminton shoes, (blue/orange)",,,2755.0,4590.0,,,"li-ning saga no.10 mesh badminton shoes,","blue, orange",,No,
448,448,"li-ning c80 feather shuttlecock, speed 76 (pack of 12)",,,2605.0,3890.0,,,"li-ning c80 feather shuttlecock,",,pack of 12,No,speed 76
449,449,"li-ning ayts024 lei ting train badminton training shoes, standard white",,,4495.0,5990.0,,,"li-ning ayts024 lei ting train badminton training shoes, standard",white,,No,
450,450,"li-ning atsr685 round neck badminton tshirt, navy",,,749.0,999.0,,,"li-ning atsr685 round neck badminton tshirt,",navy,,No,
451,451,li-ning xp 707 pro strung badminton racket - red/yellow (set of 2),,,1166.0,2380.0,,,li-ning xp 707 pro strung badminton racket - /,"red, yellow",,No,
452,452,"li-ning g force x5 badminton racquet, 82 grams",,,2995.0,5990.0,,,"li-ning g force x5 badminton racquet, 82 grams",,,No,
453,453,"li-ning professional basketball shoes, snow grey/basic white",,,3355.0,5590.0,,,"li-ning professional basketball shoes, snow /basic","grey, white",,No,
454,454,"li-ning xp 505 pro strung badminton racket with free head cover, black/orange",,,475.0,1190.0,,,"li-ning xp 505 pro strung badminton racket with free head cover, /","black, orange",,No,
455,455,"li-ning abcm012-1 female basketball shoes, basic black/basic white",,,3175.0,5290.0,,,"li-ning abcm012-1 female basketball shoes, basic /basic","black, white",,No,
456,456,li-ning quick dry moisture management junior sports trackpant black,,,1195.0,1590.0,,,li-ning quick dry moisture management junior sports trackpant,black,,No,
457,457,"li-ning xp80 iv strung badminton racquet, grey/green",,,495.0,990.0,,,"li-ning xp80 iv strung badminton racquet, /","grey, green",,No,
458,458,"li-ning xp70 iv strung badminton racquet, black/gold",,,495.0,990.0,,,"li-ning xp70 iv strung badminton racquet, /","black, gold",,No,
459,459,li-ning g-tek 58 gx graphite strung badminton racquets (red/amber),,,1295.0,2590.0,,,li-ning g-tek 58 gx graphite strung badminton racquets,red,,No,
460,460,"li-ning abds683 racquet kitbag , navy/silver",,,1285.0,2290.0,,,"li-ning abds683 racquet kitbag , /","navy, silver",,No,
461,461,"li-ning tectonic 7c full-carbon fiber badminton racket, (charcoal/gold)",,,12875.0,22990.0,,,"li-ning tectonic 7c full-carbon fiber badminton racket,","charcoal, gold",,No,
462,462,"li-ning wrist band for badminton / tennis players, set of 2 -grey",,,370.0,378.0,,,"li-ning wrist band for badminton / tennis players, set of 2 -",grey,,No,
463,463,li-ning gp35 badminton dual color grip (pack of3) - navy,,,445.0,987.0,,,li-ning gp35 badminton dual color grip -,navy,,No,
464,464,"li-ning abcm012-3 female basketball shoes, basic white/grey",,,2995.0,4990.0,,,"li-ning abcm012-3 female basketball shoes, basic /","white, grey",,No,
465,465,"li-ning blaze 100 strung badminton racquet, 84g",,,2795.0,5590.0,,,"li-ning blaze 100 strung badminton racquet, 84g",,,No,
466,466,"li-ning combat z8 strung badminton racquet, 80g",,,2895.0,5790.0,,,"li-ning combat z8 strung badminton racquet, 80g",,,No,
467,467,li-ning panther badminton racquet kitbag,,,1189.0,1890.0,,,li-ning panther badminton racquet kitbag,,,No,
468,468,"li-ning ayts024 lei ting train badminton training shoes, interstellar blue/standard white",,,4495.0,5990.0,,,"li-ning ayts024 lei ting train badminton training shoes, interstellar /standard","blue, white",,No,
469,469,"li-ning no 1 nylon badminton string roll , sea blue",,,8255.0,13990.0,,,"li-ning no 1 nylon badminton string roll , sea",blue,,No,
470,470,li-ning saga lite 7 badminton shoes,,,4655.0,6290.0,,,li-ning saga lite 7 badminton shoes,,,No,
471,471,li-ning halbertec 8000 vip set,,,21595.0,35990.0,,,li-ning halbertec 8000 vip set,,,No,
472,472,"li-ning ranger td non marking badminton shoes, standard black/silver grey",,,5995.0,7990.0,,,"li-ning ranger td non marking badminton shoes, standard /","black, silver, grey",,No,
473,473,li-ning windstorm nano 73 professional badminton racquet unstrung black,,,8549.0,14490.0,,,li-ning windstorm nano 73 professional badminton racquet unstrung,black,,No,
474,474,li-ning aeronaut 7000c combat badminton racquet - black/red,,,13795.0,22990.0,,,li-ning aeronaut 7000c combat badminton racquet - /,"black, red",,No,
475,475,"li-ning xiphos x1 unstrung badminton racquet , white/silver",,,11515.0,17990.0,,,"li-ning xiphos x1 unstrung badminton racquet , /","white, silver",,No,
476,476,li-ning ranger vi lite badminton shoes,,,5995.0,7990.0,,,li-ning ranger vi lite badminton shoes,,,No,
477,477,li-ning turbo 99 carbon fibre racket with free full cover black/gold,,,1885.0,4590.0,,,li-ning turbo 99 carbon fibre racket with free full cover /,"black, gold",,No,
478,478,"li-ning windstorm 79-h unstrung badminton racquet, white/red",,,6815.0,10990.0,,,"li-ning windstorm 79-h unstrung badminton racquet, /","white, red",,No,
479,479,"li-ning windstorm 79-s unstrung badminton racquet, black/gold",,,6815.0,10990.0,,,"li-ning windstorm 79-s unstrung badminton racquet, /","black, gold",,No,
480,480,"li-ning windstorm 79-s unstrung badminton racquet, navy/silver",,,6815.0,10990.0,,,"li-ning windstorm 79-s unstrung badminton racquet, /","navy, silver",,No,
481,481,"li-ning g-force superlite max 9 strung badminton racquet, black/red",,,2095.0,4990.0,,,"li-ning g-force superlite max 9 strung badminton racquet, /","black, red",,No,
482,482,"li-ning g-force superlite max 9 strung badminton racquet, white/purple",,,2095.0,4990.0,,,"li-ning g-force superlite max 9 strung badminton racquet, /purple",white,,No,
483,483,"li-ning g200 feather shuttlecock, speed 77 (pack of 12 shuttles)",,,1395.0,1990.0,,,"li-ning g200 feather shuttlecock,",,pack of 12,No,speed 77
484,484,li-ning g-force superlite 3700 strung badminton racquet,,,1990.0,4590.0,,,li-ning g-force superlite 3700 strung badminton racquet,,,No,
485,485,li-ning g-force superlite 3900 strung badminton racquet,,,1990.0,4590.0,,,li-ning g-force superlite 3900 strung badminton racquet,,,No,
486,486,"li-ning g-force superlite max 9 strung badminton racquet, navy/blue",,,2095.0,4990.0,,,"li-ning g-force superlite max 9 strung badminton racquet, /","navy, blue",,No,
487,487,"li-ning axforce 20 (4u-g5) unstrung badminton racquet, blue/white",,,4755.0,7790.0,,,"li-ning axforce 20 unstrung badminton racquet, /","blue, white",,No,
488,488,"li-ning akss995-4 badminton shorts for men, navy",,,749.0,999.0,,,"li-ning akss995-4 badminton shorts for men,",navy,,No,
489,489,"li-ning akss995-2 badminton shorts for men, black/lime",,,749.0,999.0,,,"li-ning akss995-2 badminton shorts for men, /","black, lime",,No,
490,490,"li-ning akss995-1 badminton shorts for men, black/silver",,,749.0,999.0,,,"li-ning akss995-1 badminton shorts for men, /","black, silver",,No,
491,491,li-ning air force g2 carbon fibre badminton racket - 79 grams,,,2849.0,5590.0,,,li-ning air force g2 carbon fibre badminton racket - 79 grams,,,No,
492,492,li-ning bolt gold shuttle (6 in 1) nylon shuttlecocks,,,645.0,1399.0,,,li-ning bolt shuttle nylon shuttlecocks,gold,,No,
493,493,li-ning halberd iii lite professional badminton shoes,,,5995.0,7990.0,,,li-ning halberd iii lite professional badminton shoes,,,No,
494,494,"li-ning blast pro professional badminton competition shoes, silver",,,13595.0,16990.0,,,"li-ning blast pro professional badminton competition shoes,",silver,,No,
495,495,li-ning ayts020 lei ting lite badminton training shoes,,,4269.0,5690.0,,,li-ning ayts020 lei ting lite badminton training shoes,,,No,
496,496,li-ning gyrfalcon v professional badminton shoes (fluorescent orange/fluorescent plum purple),,,12475.0,15590.0,,,li-ning gyrfalcon v professional badminton shoes,orange,,No,
497,497,li-ning aksp841-5sr badminton shorts for men (navy),,,749.0,999.0,,,li-ning aksp841-5sr badminton shorts for men,navy,,No,
498,498,"li-ning tectonic 3 r-series strung badminton racket, blue/gold/pink (5uig6)",,,4969.0,7890.0,,,"li-ning tectonic 3 r-series strung badminton racket, //","blue, gold, pink",,No,
499,499,"li-ning tectonic 3 r-series strung badminton racket, black/gold/red (4uig6)",,,4969.0,7890.0,,,"li-ning tectonic 3 r-series strung badminton racket, //","black, gold, red",,No,
500,500,li-ning gp22+ extra tacky and anti-slip badminton grip (3 in 1),,,255.0,299.0,,,li-ning gp22+ extra tacky and anti-slip badminton grip,,,No,
501,501,li-ning ultra iv non marking badminton shoes,,,3205.0,4390.0,,,li-ning ultra iv non marking badminton shoes,,,No,
502,502,"li-ning tectonic 7i full-carbon fiber badminton racket, unstrung (white/blue/pink)",,,12875.0,22990.0,,,"li-ning tectonic 7i full-carbon fiber badminton racket, unstrung","white, blue, pink",,No,
503,503,li-ning 3d calibar 300i instinct unstrung badminton racquet,,,6845.0,10690.0,,,li-ning 3d calibar 300i instinct unstrung badminton racquet,,,No,
504,504,li-ning 3d calibar 600 carbon-fiber unstrung badminton racquet,,,10195.0,16990.0,,,li-ning 3d calibar 600 carbon-fiber unstrung badminton racquet,,,No,
505,505,li-ning super series ss900 strung badminton racquet -grey/copper,,,2189.0,4290.0,,,li-ning super series ss900 strung badminton racquet -/,"grey, copper",,No,
506,506,"li-ning tectonic 7d full-carbon fiber badminton racket, unstrung white",,,12875.0,22990.0,,,"li-ning tectonic 7d full-carbon fiber badminton racket, unstrung",white,,No,
507,507,li-ning a 70 badminton 200 mtrs string roll,,,2745.0,4990.0,,,li-ning a 70 badminton 200 mtrs string roll,,,No,
508,508,"li-ning cotton men's sports socks, quarter length, pack of 3, blk-wht-gry",,,329.0,499.0,,,"li-ning cotton men's sports socks, quarter length, , blk-wht-gry",,pack of 3,No,
509,509,li-ning windstorm 72 unstrung professional badminton racquet - purple/pink,,,8995.0,14990.0,,,li-ning windstorm 72 unstrung professional badminton racquet - purple/,pink,,No,
510,510,"li-ning cotton men's sports socks, ankle length, pack of 3, black",,,499.0,499.0,,,"li-ning cotton men's sports socks, ankle length, ,",black,pack of 3,No,
511,511,"li-ning aden088 kinesiology tape, light green",,,295.0,390.0,,,"li-ning aden088 kinesiology tape, light",green,,No,
512,512,"li-ning aden088 kinesiology tape, red",,,295.0,390.0,,,"li-ning aden088 kinesiology tape,",red,,No,
513,513,li-ning pro jumbo kt tape roll uncut(125 feet) - stealth beige,,,8029.0,10999.0,,,li-ning pro jumbo kt tape roll uncut - stealth,beige,,No,
514,514,"li-ning pro kt tape, blaze orange",,,1459.0,1999.0,,,"li-ning pro kt tape, blaze",orange,,No,
515,515,"li-ning pro kt tape, sonic blue",,,1459.0,1999.0,,,"li-ning pro kt tape, sonic",blue,,No,
516,516,"li-ning pro kt tape, epic purple",,,1459.0,1999.0,,,"li-ning pro kt tape, epic purple",,,No,
517,517,"li-ning pro kt tape, winner green",,,1459.0,1999.0,,,"li-ning pro kt tape, winner",green,,No,
518,518,"li-ning pro kt tape, hero pink",,,1459.0,1999.0,,,"li-ning pro kt tape, hero",pink,,No,
519,519,"li-ning gc001 towel grip badminton racket grips, pack of 5 - assorted colors",,,868.0,1050.0,,,"li-ning gc001 towel grip badminton racket grips, - assorted colors",,pack of 5,No,
520,520,"li-ning axforce 90 tiger max badminton set, navy/blue",,,23395.0,35990.0,,,"li-ning axforce 90 tiger max badminton set, /","navy, blue",,No,
521,521,"li-ning axforce 90 tiger max badminton set, navy/red",,,23395.0,35990.0,,,"li-ning axforce 90 tiger max badminton set, /","navy, red",,No,
522,522,"li-ning erupt ii non marking badminton shoe, blue",,,4615.0,6890.0,,,"li-ning erupt ii non marking badminton shoe,",blue,,No,
523,523,"li-ning erupt ii non marking badminton shoe, red",,,4615.0,6890.0,,,"li-ning erupt ii non marking badminton shoe,",red,,No,
524,524,"li-ning erupt ii non marking badminton shoe, black",,,4615.0,6890.0,,,"li-ning erupt ii non marking badminton shoe,",black,,No,
525,525,"li-ning erupt ii non marking badminton shoe, navy",,,4615.0,6890.0,,,"li-ning erupt ii non marking badminton shoe,",navy,,No,
526,526,li-ning wind lite 700 carbon fibre strung badminton racket,,,3385.0,5990.0,,,li-ning wind lite 700 carbon fibre strung badminton racket,,,No,
527,527,"li-ning xiphos x1 unstrung badminton racquet, black/red",,,11515.0,17990.0,,,"li-ning xiphos x1 unstrung badminton racquet, /","black, red",,No,
528,528,"li-ning ayts024 lei ting train badminton training shoes, black",,,4495.0,5990.0,,,"li-ning ayts024 lei ting train badminton training shoes,",black,,No,
529,529,li-ning wind lite 800 carbon fibre strung badminton racket,,,3415.0,5990.0,,,li-ning wind lite 800 carbon fibre strung badminton racket,,,No,
530,530,"li-ning aplr291 polo neck badminton tshirt, royal blue",,,899.0,1199.0,,,"li-ning aplr291 polo neck badminton tshirt, royal",blue,,No,
531,531,"li-ning ultra iii non marking badminton shoe, white/blue/orange",,,3005.0,4290.0,,,"li-ning ultra iii non marking badminton shoe, //","white, blue, orange",,No,
532,532,"li-ning ultra iii non marking badminton shoe, black/yellow/red",,,2789.0,4290.0,,,"li-ning ultra iii non marking badminton shoe, //","black, yellow, red",,No,
533,533,"li-ning ultra iii non marking badminton shoe, black/lime",,,3005.0,4290.0,,,"li-ning ultra iii non marking badminton shoe, /","black, lime",,No,
534,534,"li-ning ultra iii non marking badminton shoe, red/black",,,3005.0,4290.0,,,"li-ning ultra iii non marking badminton shoe, /","red, black",,No,
535,535,"li-ning atss997 round neck badminton tshirt, white",,,1495.0,1990.0,,,"li-ning atss997 round neck badminton tshirt,",white,,No,
536,536,"li-ning atss995 round neck badminton tshirt, black",,,1495.0,1990.0,,,"li-ning atss995 round neck badminton tshirt,",black,,No,
537,537,"li-ning atss995 round neck badminton tshirt, navy",,,1495.0,1990.0,,,"li-ning atss995 round neck badminton tshirt,",navy,,No,
538,538,"li-ning atss993 round neck badminton t-shirt, dk grey/green",,,1495.0,1990.0,,,"li-ning atss993 round neck badminton t-shirt, dk /","grey, green",,No,
539,539,"li-ning atss993 round neck badminton t-shirt, red",,,1495.0,1990.0,,,"li-ning atss993 round neck badminton t-shirt,",red,,No,
540,540,"li-ning atsr683 round neck badminton tshirt, navy",,,749.0,999.0,,,"li-ning atsr683 round neck badminton tshirt,",navy,,No,
541,541,li-ning g-force superlite 3800 strung badminton racquet,,,1990.0,4590.0,,,li-ning g-force superlite 3800 strung badminton racquet,,,No,
542,542,li-ning xp60 iv strung badminton racquet black/pink,,,495.0,990.0,,,li-ning xp60 iv strung badminton racquet /,"black, pink",,No,
543,543,li-ning xp 2020 special edition badminton racquet black,,,359.0,1090.0,,,li-ning xp 2020 special edition badminton racquet,black,,No,
544,544,li-ning windstorm 72 unstrung professional badminton racquet - navy/orange,,,8995.0,14990.0,,,li-ning windstorm 72 unstrung professional badminton racquet - /,"navy, orange",,No,
545,545,"li-ning basketball culture professional basketball shoes, black/crimson white",,,2635.0,4390.0,,,"li-ning basketball culture professional basketball shoes, /crimson","black, white",,No,
546,546,li-ning windstorm 75 carbon-fiber badminton racquet navy/green,,,8255.0,13990.0,,,li-ning windstorm 75 carbon-fiber badminton racquet /,"navy, green",,No,
547,547,"li-ning abss329 long backpack , navy",,,2189.0,3290.0,,,"li-ning abss329 long backpack ,",navy,,No,
548,548,"li-ning xp90 iv strung badminton racquet, white/silver",,,495.0,990.0,,,"li-ning xp90 iv strung badminton racquet, /","white, silver",,No,
549,549,"li-ning sports and training badminton shorts, black/metallic copper",,,749.0,999.0,,,"li-ning sports and training badminton shorts, /metallic","black, copper",,No,
550,550,"li-ning bladex 900 max badminton racquet vip set, gold",,,16795.0,27990.0,,,"li-ning bladex 900 max badminton racquet vip set,",gold,,No,
551,551,li-ning ultra pro badminton shoes,,,2935.0,4890.0,,,li-ning ultra pro badminton shoes,,,No,
552,552,"li-ning g-tek 2020 (strung) badminton racquets with free full cover blend, (navy/lime)",,,1345.0,2690.0,,,"li-ning g-tek 2020 badminton racquets with free full cover blend,","navy, lime",,No,
553,553,li-ning sk junior 75 (strung) badminton racquets with free head cover blend - black/red,,,995.0,2490.0,,,li-ning sk junior 75 badminton racquets with free head cover blend - /,"black, red",,No,
554,554,li-ning abss329 long backpack,,,2139.0,3290.0,,,li-ning abss329 long backpack,,,No,
555,555,"li-ning avsr101 badminton polo neck tshirt, lt.blue",,,1645.0,2190.0,,,"li-ning avsr101 badminton polo neck tshirt, lt.",blue,,No,
556,556,li-ning ultra fly non marking badminton shoe,,,3889.0,5290.0,,,li-ning ultra fly non marking badminton shoe,,,No,
557,557,li-ning g-tek 38 gx graphite strung badminton racquet (lime/silver),,,1295.0,2590.0,,,li-ning g-tek 38 gx graphite strung badminton racquet,"lime, silver",,No,
558,558,li-ning logo badminton round neck tshirt (atsr681),,,599.0,799.0,,,li-ning logo badminton round neck tshirt,,,No,
559,559,li-ning no. 7 boost professional badminton string - yellow,,,445.0,750.0,,,li-ning no. 7 boost professional badminton string -,yellow,,No,
560,560,li-ning sk76 srikanth kidambi signature light weight strung badminton racquet - with full cover,,,2764.0,5489.0,,,li-ning sk76 srikanth kidambi signature light weight strung badminton racquet - with full cover,,,No,
561,561,"li-ning xp-70-iv aluminum badminton racquet, set of 2 (black/gold)",,,970.0,1980.0,,,"li-ning xp-70-iv aluminum badminton racquet, set of 2","black, gold",,No,
562,562,"li-ning badminton round neck tshirt (atsr639, atsr635)",,,1490.0,1990.0,,,li-ning badminton round neck tshirt,,,No,
563,563,"babolat logo jumbo wristband, white/blue aster",,,665.0,699.0,,,"babolat logo jumbo wristband, / aster","white, blue",,No,
564,564,babolat basic logo cap,,,979.0,1149.0,,,babolat basic logo cap,,,No,
565,565,babolat pure aero lite rafa u cv tennis racquet,,,16875.0,22499.0,,,babolat pure aero lite rafa u cv tennis racquet,,,No,
566,566,"babolat vibrakill vibration absorber, clear",,,539.0,599.0,,,"babolat vibrakill vibration absorber, clear",,,No,
567,567,"babolat logo jumbo wristband, drive blue",,,665.0,699.0,,,"babolat logo jumbo wristband, drive",blue,,No,
568,568,babolat shadow spirit men badminton shoe,,,3479.0,5799.0,,,babolat shadow spirit men badminton shoe,,,No,
569,569,babolat 654012-101 tour original x12 tennis grip pack of 12 -white,,,1275.0,1699.0,,,babolat 654012-101 tour original x12 tennis grip -,white,pack of 12,No,
570,570,babolat tour original x3 tennis grip pack of 3,,,495.0,549.0,,,babolat tour original x3 tennis grip,,pack of 3,No,
571,571,babolat 121223 evoke 105 strung tennis racquet -black/orange,,,3919.0,5599.0,,,babolat 121223 evoke 105 strung tennis racquet -/,"black, orange",,No,
572,572,babolat pure drive junior 26 tennis racquet,,,7149.0,10999.0,,,babolat pure drive junior 26 tennis racquet,,,No,
573,573,babolat pure strike 100 u nc tennis racquet,,,14299.0,21999.0,,,babolat pure strike 100 u nc tennis racquet,,,No,
574,574,babolat pure aero junior 26 tennis racquet,,,7799.0,11999.0,,,babolat pure aero junior 26 tennis racquet,,,No,
575,575,"babolat xcel 40 racquet string, natural",,,1499.0,1999.0,,,"babolat xcel 40 racquet string, natural",,,No,
576,576,babolat 653037 pro tour x3 tennis grip pack of 3 -black,,,539.0,599.0,,,babolat 653037 pro tour x3 tennis grip -,black,pack of 3,No,
577,577,"babolat vs original feel x3 pure tennis over grip, white",,,539.0,599.0,,,"babolat vs original feel x3 pure tennis over grip,",white,,No,
578,578,"babolat vs original feel x3 pure tennis over grip, blue",,,585.0,649.0,,,"babolat vs original feel x3 pure tennis over grip,",blue,,No,
579,579,babolat pure aero rafa 2020 unstrung tennis racquet,,,19315.0,25749.0,,,babolat pure aero rafa 2020 unstrung tennis racquet,,,No,
580,580,babolat shadow tour men badminton shoes,,,6299.0,8999.0,,,babolat shadow tour men badminton shoes,,,No,
581,581,babolat i feel 68 badminton string reel (200m),,,5760.0,9600.0,,,babolat i feel 68 badminton string reel,,,No,
582,582,"babolat 751223-107 evo court l tennis bag, gray",,,5950.0,8499.0,,,"babolat 751223-107 evo court l tennis bag, gray",,,No,
583,583,"babolat rpm hurricane 200m tennis string reel, yellow",,,8999.0,11999.0,,,"babolat rpm hurricane 200m tennis string reel,",yellow,,No,
584,584,babolat 133906 feather shuttle cock (pack of 12 cocks),,,1749.0,2500.0,,,babolat 133906 feather shuttle cock,,pack of 12,No,
585,585,babolat 133785 feather shuttle cock (pack of 12 cocks),,,2799.0,4000.0,,,babolat 133785 feather shuttle cock,,pack of 12,No,
586,586,"babolat vs original x3 pure tennis over grip, black/yellow",,,489.0,649.0,,,"babolat vs original x3 pure tennis over grip, /","black, yellow",,No,
587,587,"babolat 121226 boost rafa s cv strung tennis racquet 27 inch, 4 3/8 - yellow/orange/purple",,,7799.0,11999.0,,,"babolat 121226 boost rafa s cv strung tennis racquet 27 inch, 4 3/8 - //purple","yellow, orange",,No,
588,588,"babolat shadow spirit women badminton shoe, white/light blue",,,5249.0,7499.0,,,"babolat shadow spirit women badminton shoe, /light","white, blue",,No,
589,589,"babolat rh12 pure wimbledon tennis kitbag, white/grey",,,9799.0,13999.0,,,"babolat rh12 pure wimbledon tennis kitbag, /","white, grey",,No,
590,590,"babolat back pack pure wimbledon tennis kitbag, white/grey",,,6999.0,9999.0,,,"babolat back pack pure wimbledon tennis kitbag, /","white, grey",,No,
591,591,"babolat 657003-101 vs original x30 tennis grips, 30 overgrips - white",,,2999.0,3999.0,,,"babolat 657003-101 vs original x30 tennis grips, 30 overgrips -",white,,No,
592,592,babolat 653047-105 tour original x3 tennis grip pack of 3 -black,,,539.0,599.0,,,babolat 653047-105 tour original x3 tennis grip -,black,pack of 3,No,
593,593,babolat pulsion 102 strung tennis racquet grip 3 - blue/green/white,,,4549.0,6499.0,,,babolat pulsion 102 strung tennis racquet grip 3 - //,"blue, green, white",,No,
594,594,babolat pure strike team u nc tennis racquet,,,13649.0,20999.0,,,babolat pure strike team u nc tennis racquet,,,No,
595,595,babolat rhx6 pure aero tennis kitbag - black/yellow,,,7349.0,10499.0,,,babolat rhx6 pure aero tennis kitbag - /,"black, yellow",,No,
596,596,"babolat rh x 6 pure drive tennis kitbag, blue",,,6999.0,9999.0,,,"babolat rh x 6 pure drive tennis kitbag,",blue,,No,
597,597,babolat aero junior 25 strung tennis racquet (245 +/-7 grams) - yellow/black,,,5529.0,7899.0,,,babolat aero junior 25 strung tennis racquet - /,"yellow, black",,No,
598,598,babolat shadow spirit men badminton shoes,,,5249.0,7499.0,,,babolat shadow spirit men badminton shoes,,,No,
599,599,babolat 174099 logo wrist band - black/sulphur,,,475.0,499.0,,,babolat 174099 logo wrist band - /sulphur,black,,No,
600,600,"babolat syntec evo x1 pure tennis grip, white",,,525.0,699.0,,,"babolat syntec evo x1 pure tennis grip,",white,,No,
601,601,"babolat super tape x5, black",,,809.0,899.0,,,"babolat super tape x5,",black,,No,
602,602,"babolat syntec pro x1 pure feel grip, white",,,495.0,549.0,,,"babolat syntec pro x1 pure feel grip,",white,,No,
603,603,"babolat trucker cap, tomato red",,,1189.0,1399.0,,,"babolat trucker cap, tomato",red,,No,
604,604,"babolat 3mp1061 play short for men, estate blue",,,1999.0,2499.0,,,"babolat 3mp1061 play short for men, estate",blue,,No,
605,605,"babolat 3mp1061 play short for men, black/black",,,1999.0,2499.0,,,"babolat 3mp1061 play short for men, /","black, black",,No,
606,606,babolat 170444 x-feel essential badminton racquet with classic club back pack,,,11180.0,16298.0,,,babolat 170444 x-feel essential badminton racquet with classic club back pack,,,No,
607,607,babolat x-feel lite unstrung badminton racquet with classic club back pack,,,11180.0,16298.0,,,babolat x-feel lite unstrung badminton racquet with classic club back pack,,,No,
608,608,"babolat 174486 prime lite strung badminton racquet, blue yellow",,,2549.0,3400.0,,,"babolat 174486 prime lite strung badminton racquet,","blue, yellow",,No,
609,609,"babolat green balls bag (72 balls), yellow",,,6499.0,9999.0,,,"babolat balls bag ,","green, yellow",,No,
610,610,babolat evo drive tour tennis racquet,,,12999.0,19999.0,,,babolat evo drive tour tennis racquet,,,No,
611,611,babolat pure aero junior 26 s cv tennis racquet,,,9400.0,13299.0,,,babolat pure aero junior 26 s cv tennis racquet,,,No,
612,612,"babolat 1211225 evoke 102 strung tennis racquet 4 3/8, white/blue/orange",,,3709.0,5299.0,,,"babolat 1211225 evoke 102 strung tennis racquet 4 3/8, //","white, blue, orange",,No,
613,613,"babolat 121224 boost drive strung tennis racquet 4 3/8, white/blue/green",,,6299.0,8999.0,,,"babolat 121224 boost drive strung tennis racquet 4 3/8, //","white, blue, green",,No,
614,614,"babolat 121221 boost drive strung tennis racquet 4 3/8, blue/green/white",,,6999.0,9999.0,,,"babolat 121221 boost drive strung tennis racquet 4 3/8, //","blue, green, white",,No,
615,615,"babolat 140456 nadal junior 23 tennis racquet, yellow/orange/purple",,,2239.0,3199.0,,,"babolat 140456 nadal junior 23 tennis racquet, //purple","yellow, orange",,No,
616,616,babolat pure aero team rafa u nc tennis racquet,,,17999.0,23999.0,,,babolat pure aero team rafa u nc tennis racquet,,,No,
617,617,babolat 174101 logo wrist band - black/white,,,475.0,499.0,,,babolat 174101 logo wrist band - /,"black, white",,No,
618,618,babolat 182915 logo wrist band - white/fiesta red,,,475.0,499.0,,,babolat 182915 logo wrist band - /fiesta,"white, red",,No,
619,619,"babolat 166298 satelite power unstrung badminton racquet, grey",,,8399.0,12000.0,,,"babolat 166298 satelite power unstrung badminton racquet,",grey,,No,
620,620,"babolat x feel blast unstrung badminton racquet, red",,,9099.0,12999.0,,,"babolat x feel blast unstrung badminton racquet,",red,,No,
621,621,"babolat 174420 prime power strung badminton racquet, blue/grey/white",,,2849.0,3800.0,,,"babolat 174420 prime power strung badminton racquet, //","blue, grey, white",,No,
622,622,"babolat 166330 i pulse blast strung badminton racquet, red",,,4409.0,6299.0,,,"babolat 166330 i pulse blast strung badminton racquet,",red,,No,
623,623,"babolat shadow team women badminton shoe, pink purple",,,2819.0,4699.0,,,"babolat shadow team women badminton shoe, purple",pink,,No,
624,624,babolat 140252 aero junior 26 tennis racquet 4 0/8 - yellow/black,,,6089.0,8699.0,,,babolat 140252 aero junior 26 tennis racquet 4 0/8 - /,"yellow, black",,No,
625,625,"babolat jet match 3 all court men tennis shoe, black/gold",,,9099.0,13999.0,,,"babolat jet match 3 all court men tennis shoe, /","black, gold",,No,
626,626,"babolat propulse fury all court m tennis shoe, drive blue",,,7799.0,11999.0,,,"babolat propulse fury all court m tennis shoe, drive",blue,,No,
627,627,"babolat jet tere all court men tennis shoe, hawaiian blue",,,6499.0,9999.0,,,"babolat jet tere all court men tennis shoe, hawaiian",blue,,No,
628,628,"babolat jet match 3 all court men tennis shoe, jade lime",,,9099.0,13999.0,,,"babolat jet match 3 all court men tennis shoe, jade",lime,,No,
629,629,"babolat jet tere all court men tennis shoe, glibraltar sea",,,6499.0,9999.0,,,"babolat jet tere all court men tennis shoe, glibraltar sea",,,No,
630,630,"babolat 653048-101 pro response x3 over grips, white",,,495.0,549.0,,,"babolat 653048-101 pro response x3 over grips,",white,,No,
631,631,"babolat 753070-136 pure drive backpack , blue",,,6299.0,8999.0,,,"babolat 753070-136 pure drive backpack ,",blue,,No,
632,632,"babolat 751213-102  rh3 essential bags , dark blue",,,2849.0,3799.0,,,"babolat 751213-102 rh3 essential bags , dark",blue,,No,
633,633,"babolat 751213-342  rh3 essential bags , black beige",,,2849.0,3799.0,,,"babolat 751213-342 rh3 essential bags ,","black, beige",,No,
634,634,"babolat 753097-363 pure aero rafa  backpack , black/orange/purple",,,8399.0,11199.0,,,"babolat 753097-363 pure aero rafa backpack , //purple","black, orange",,No,
635,635,"babolat 573089-136 pure drive backpack ,blue",,,6615.0,9449.0,,,"babolat 573089-136 pure drive backpack ,",blue,,No,
636,636,babolat 654009-101 pro tacky x12 tennis grip pack of 12 -white,,,1499.0,1999.0,,,babolat 654009-101 pro tacky x12 tennis grip -,white,pack of 12,No,
637,637,babolat evo drive tennis racquet,,,12349.0,18999.0,,,babolat evo drive tennis racquet,,,No,
638,638,babolat pure strike lite u nc tennis racquet,,,12999.0,19999.0,,,babolat pure strike lite u nc tennis racquet,,,No,
639,639,babolat evo drive lite tennis racquet,,,11894.0,18299.0,,,babolat evo drive lite tennis racquet,,,No,
